<?xml version="1.0" encoding="UTF-8"?>
<project-private xmlns="http://www.netbeans.org/ns/project-private/1">
    <editor-bookmarks xmlns="http://www.netbeans.org/ns/editor-bookmarks/2" lastBookmarkId="0"/>
    <open-files xmlns="http://www.netbeans.org/ns/projectui-open-files/2">
        <group>
            <file>file:/D:/fcit8/305%20car%20server/car%20system/carsServer/src/carserver/NewMain.java</file>
            <file>file:/D:/fcit8/305%20car%20server/car%20system/carsServer/src/carserver/CarsServer.java</file>
            <file>file:/D:/fcit8/305%20car%20server/car%20system/carsServer/src/carserver/DB.java</file>
            <file>file:/D:/fcit8/305%20car%20server/car%20system/carsServer/src/carserver/client_thread.java</file>
        </group>
    </open-files>
</project-private>
