<?xml version="1.0" encoding="UTF-8"?>
<project-private xmlns="http://www.netbeans.org/ns/project-private/1">
    <editor-bookmarks xmlns="http://www.netbeans.org/ns/editor-bookmarks/2" lastBookmarkId="0"/>
    <open-files xmlns="http://www.netbeans.org/ns/projectui-open-files/2">
        <group>
            <file>file:/D:/fcit8/305%20car%20server/car%20system/carClient/carProj/cpit305_carProject/src/cpit305_carproject/Add_reservation.java</file>
            <file>file:/D:/fcit8/305%20car%20server/car%20system/carClient/carProj/cpit305_carProject/src/cpit305_carproject/sign_in.java</file>
            <file>file:/D:/fcit8/305%20car%20server/car%20system/carClient/carProj/cpit305_carProject/src/cpit305_carproject/main_page.java</file>
            <file>file:/D:/fcit8/305%20car%20server/car%20system/carClient/carProj/cpit305_carProject/src/cpit305_carproject/user_information.java</file>
            <file>file:/D:/fcit8/305%20car%20server/car%20system/carClient/carProj/cpit305_carProject/src/cpit305_carproject/res.java</file>
            <file>file:/D:/fcit8/305%20car%20server/car%20system/carClient/carProj/cpit305_carProject/src/cpit305_carproject/Cpit305_carProject.java</file>
            <file>file:/D:/fcit8/305%20car%20server/car%20system/carClient/carProj/cpit305_carProject/src/cpit305_carproject/sendData.java</file>
            <file>file:/D:/fcit8/305%20car%20server/car%20system/carClient/carProj/cpit305_carProject/src/carPicture.jpg</file>
        </group>
    </open-files>
</project-private>
